speedup_fps_inst_median,threads_mode,efficiency,amdahl_serial_fraction_est
3.8892435946209702,10.0,0.388924359462097,0.17457711696692357
